component_id,registry_version,entity_scope,source_dataset,role,raw_value,normalized_name,component_value_state,structure_raw_value,normalized_smiles,canonical_smiles,inchikey,structure_status,structure_error_class,evidence_id,source_artifact_id,source_locator,review_status
CRB_V02_5D01C2BF4597A928,core_v0_2_registry_source_scoped_v1,ahneman_doyle_buchwald_hartwig_2018,ahneman_doyle_buchwald_hartwig_2018,additive,"3,5-dimethylisoxazole","3,5-dimethylisoxazole",explicit_component,Cc1onc(C)c1,Cc1cc(C)on1,Cc1cc(C)on1,FICAQKBMCKEFDI-UHFFFAOYSA-N,success,none,ahneman_doyle_buchwald_hartwig_2018:source_condition:additive,ahneman_doyle_rxnpredict_v0_2_candidate,"data/raw/ahneman_doyle_rxnpredict/smiles/additive-list.csv:component=3,5-dimethylisoxazole",not_required
CRB_V02_FAB2DAA8CEA02FF8,core_v0_2_registry_source_scoped_v1,ahneman_doyle_buchwald_hartwig_2018,ahneman_doyle_buchwald_hartwig_2018,additive,3-methyl-5-phenylisoxazole,3-methyl-5-phenylisoxazole,explicit_component,Cc1cc(on1)c2ccccc2,Cc1cc(-c2ccccc2)on1,Cc1cc(-c2ccccc2)on1,FBYQIYSAUFWXQK-UHFFFAOYSA-N,success,none,ahneman_doyle_buchwald_hartwig_2018:source_condition:additive,ahneman_doyle_rxnpredict_v0_2_candidate,data/raw/ahneman_doyle_rxnpredict/smiles/additive-list.csv:component=3-methyl-5-phenylisoxazole,not_required
CRB_V02_0E0F13E8D5D47203,core_v0_2_registry_source_scoped_v1,ahneman_doyle_buchwald_hartwig_2018,ahneman_doyle_buchwald_hartwig_2018,additive,3-methylisoxazole,3-methylisoxazole,explicit_component,Cc1ccon1,Cc1ccon1,Cc1ccon1,CUMCMYMKECWGHO-UHFFFAOYSA-N,success,none,ahneman_doyle_buchwald_hartwig_2018:source_condition:additive,ahneman_doyle_rxnpredict_v0_2_candidate,data/raw/ahneman_doyle_rxnpredict/smiles/additive-list.csv:component=3-methylisoxazole,not_required
CRB_V02_AD0153FD07DE6C0E,core_v0_2_registry_source_scoped_v1,ahneman_doyle_buchwald_hartwig_2018,ahneman_doyle_buchwald_hartwig_2018,additive,3-phenylisoxazole,3-phenylisoxazole,explicit_component,o1ccc(n1)c2ccccc2,c1ccc(-c2ccon2)cc1,c1ccc(-c2ccon2)cc1,ZBRDJMFLJXFIGJ-UHFFFAOYSA-N,success,none,ahneman_doyle_buchwald_hartwig_2018:source_condition:additive,ahneman_doyle_rxnpredict_v0_2_candidate,data/raw/ahneman_doyle_rxnpredict/smiles/additive-list.csv:component=3-phenylisoxazole,not_required
CRB_V02_A5CEE3101CD3E097,core_v0_2_registry_source_scoped_v1,ahneman_doyle_buchwald_hartwig_2018,ahneman_doyle_buchwald_hartwig_2018,additive,4-phenylisoxazole,4-phenylisoxazole,explicit_component,o1cc(cn1)c2ccccc2,c1ccc(-c2cnoc2)cc1,c1ccc(-c2cnoc2)cc1,KEVAZWIBJQZOHC-UHFFFAOYSA-N,success,none,ahneman_doyle_buchwald_hartwig_2018:source_condition:additive,ahneman_doyle_rxnpredict_v0_2_candidate,data/raw/ahneman_doyle_rxnpredict/smiles/additive-list.csv:component=4-phenylisoxazole,not_required
CRB_V02_58810987F8F30855,core_v0_2_registry_source_scoped_v1,ahneman_doyle_buchwald_hartwig_2018,ahneman_doyle_buchwald_hartwig_2018,additive,"5-(2,6-difluorophenyl)isoxazole","5-(2,6-difluorophenyl)isoxazole",explicit_component,Fc1cccc(F)c1c2oncc2,Fc1cccc(F)c1-c1ccno1,Fc1cccc(F)c1-c1ccno1,AEQWOJOOAJZBRU-UHFFFAOYSA-N,success,none,ahneman_doyle_buchwald_hartwig_2018:source_condition:additive,ahneman_doyle_rxnpredict_v0_2_candidate,"data/raw/ahneman_doyle_rxnpredict/smiles/additive-list.csv:component=5-(2,6-difluorophenyl)isoxazole",not_required
CRB_V02_347BE157057EAE78,core_v0_2_registry_source_scoped_v1,ahneman_doyle_buchwald_hartwig_2018,ahneman_doyle_buchwald_hartwig_2018,additive,"5-Phenyl-1,2,4-oxadiazole","5-Phenyl-1,2,4-oxadiazole",explicit_component,c1ccc(-c2ncno2)cc1,c1ccc(-c2ncno2)cc1,c1ccc(-c2ncno2)cc1,SNFAEUZNFIYGNA-UHFFFAOYSA-N,success,none,ahneman_doyle_buchwald_hartwig_2018:source_condition:additive,ahneman_doyle_rxnpredict_v0_2_candidate,"data/raw/ahneman_doyle_rxnpredict/smiles/additive-list.csv:component=5-Phenyl-1,2,4-oxadiazole",not_required
CRB_V02_08DE42E32C03DF4B,core_v0_2_registry_source_scoped_v1,ahneman_doyle_buchwald_hartwig_2018,ahneman_doyle_buchwald_hartwig_2018,additive,5-methyl-3-(1H-pyrrol-1-yl)isoxazole,5-methyl-3-(1H-pyrrol-1-yl)isoxazole,explicit_component,Cc1onc(c1)n2cccc2,Cc1cc(-n2cccc2)no1,Cc1cc(-n2cccc2)no1,LIOQRAJWZDIOEH-UHFFFAOYSA-N,success,none,ahneman_doyle_buchwald_hartwig_2018:source_condition:additive,ahneman_doyle_rxnpredict_v0_2_candidate,data/raw/ahneman_doyle_rxnpredict/smiles/additive-list.csv:component=5-methyl-3-(1H-pyrrol-1-yl)isoxazole,not_required
CRB_V02_D792DB072CBDDFCC,core_v0_2_registry_source_scoped_v1,ahneman_doyle_buchwald_hartwig_2018,ahneman_doyle_buchwald_hartwig_2018,additive,5-methylisoxazole,5-methylisoxazole,explicit_component,Cc1oncc1,Cc1ccno1,Cc1ccno1,AGQOIYCTCOEHGR-UHFFFAOYSA-N,success,none,ahneman_doyle_buchwald_hartwig_2018:source_condition:additive,ahneman_doyle_rxnpredict_v0_2_candidate,data/raw/ahneman_doyle_rxnpredict/smiles/additive-list.csv:component=5-methylisoxazole,not_required
CRB_V02_D6F25AFA26DF2E08,core_v0_2_registry_source_scoped_v1,ahneman_doyle_buchwald_hartwig_2018,ahneman_doyle_buchwald_hartwig_2018,additive,5-phenylisoxazole,5-phenylisoxazole,explicit_component,o1nccc1c2ccccc2,c1ccc(-c2ccno2)cc1,c1ccc(-c2ccno2)cc1,BXQDLEHCXQQSCH-UHFFFAOYSA-N,success,none,ahneman_doyle_buchwald_hartwig_2018:source_condition:additive,ahneman_doyle_rxnpredict_v0_2_candidate,data/raw/ahneman_doyle_rxnpredict/smiles/additive-list.csv:component=5-phenylisoxazole,not_required
CRB_V02_B5755E510093E053,core_v0_2_registry_source_scoped_v1,ahneman_doyle_buchwald_hartwig_2018,ahneman_doyle_buchwald_hartwig_2018,additive,"N,N-dibenzylisoxazol-3-amine","N,N-dibenzylisoxazol-3-amine",explicit_component,C(N(Cc1ccccc1)c2ccon2)c3ccccc3,c1ccc(CN(Cc2ccccc2)c2ccon2)cc1,c1ccc(CN(Cc2ccccc2)c2ccon2)cc1,USZMKUYAPYSADE-UHFFFAOYSA-N,success,none,ahneman_doyle_buchwald_hartwig_2018:source_condition:additive,ahneman_doyle_rxnpredict_v0_2_candidate,"data/raw/ahneman_doyle_rxnpredict/smiles/additive-list.csv:component=N,N-dibenzylisoxazol-3-amine",not_required
CRB_V02_B346C1C903112B8D,core_v0_2_registry_source_scoped_v1,ahneman_doyle_buchwald_hartwig_2018,ahneman_doyle_buchwald_hartwig_2018,additive,"N,N-dibenzylisoxazol-5-amine","N,N-dibenzylisoxazol-5-amine",explicit_component,C(N(Cc1ccccc1)c2oncc2)c3ccccc3,c1ccc(CN(Cc2ccccc2)c2ccno2)cc1,c1ccc(CN(Cc2ccccc2)c2ccno2)cc1,ZNNPACGGNKHXRN-UHFFFAOYSA-N,success,none,ahneman_doyle_buchwald_hartwig_2018:source_condition:additive,ahneman_doyle_rxnpredict_v0_2_candidate,"data/raw/ahneman_doyle_rxnpredict/smiles/additive-list.csv:component=N,N-dibenzylisoxazol-5-amine",not_required
CRB_V02_3719CFC20AB4CD94,core_v0_2_registry_source_scoped_v1,ahneman_doyle_buchwald_hartwig_2018,ahneman_doyle_buchwald_hartwig_2018,additive,benzo[c]isoxazole,benzo[c]isoxazole,explicit_component,o1cc2ccccc2n1,c1ccc2nocc2c1,c1ccc2nocc2c1,FZKCAHQKNJXICB-UHFFFAOYSA-N,success,none,ahneman_doyle_buchwald_hartwig_2018:source_condition:additive,ahneman_doyle_rxnpredict_v0_2_candidate,data/raw/ahneman_doyle_rxnpredict/smiles/additive-list.csv:component=benzo[c]isoxazole,not_required
CRB_V02_88D26F4E70813690,core_v0_2_registry_source_scoped_v1,ahneman_doyle_buchwald_hartwig_2018,ahneman_doyle_buchwald_hartwig_2018,additive,benzo[d]isoxazole,benzo[d]isoxazole,explicit_component,o1ncc2ccccc12,c1ccc2oncc2c1,c1ccc2oncc2c1,KTZQTRPPVKQPFO-UHFFFAOYSA-N,success,none,ahneman_doyle_buchwald_hartwig_2018:source_condition:additive,ahneman_doyle_rxnpredict_v0_2_candidate,data/raw/ahneman_doyle_rxnpredict/smiles/additive-list.csv:component=benzo[d]isoxazole,not_required
CRB_V02_529A42C6FD6F3DF1,core_v0_2_registry_source_scoped_v1,ahneman_doyle_buchwald_hartwig_2018,ahneman_doyle_buchwald_hartwig_2018,additive,ethyl-3-methoxyisoxazole-5-carboxylate,ethyl-3-methoxyisoxazole-5-carboxylate,explicit_component,CCOC(=O)c1onc(OC)c1,CCOC(=O)c1cc(OC)no1,CCOC(=O)c1cc(OC)no1,KHMGMIAARMPUOO-UHFFFAOYSA-N,success,none,ahneman_doyle_buchwald_hartwig_2018:source_condition:additive,ahneman_doyle_rxnpredict_v0_2_candidate,data/raw/ahneman_doyle_rxnpredict/smiles/additive-list.csv:component=ethyl-3-methoxyisoxazole-5-carboxylate,not_required
CRB_V02_3904B5DF14B9DB80,core_v0_2_registry_source_scoped_v1,ahneman_doyle_buchwald_hartwig_2018,ahneman_doyle_buchwald_hartwig_2018,additive,ethyl-3-methylisoxazole-5-carboxylate,ethyl-3-methylisoxazole-5-carboxylate,explicit_component,CCOC(=O)c1onc(C)c1,CCOC(=O)c1cc(C)no1,CCOC(=O)c1cc(C)no1,LPMIZTNZMHVVSS-UHFFFAOYSA-N,success,none,ahneman_doyle_buchwald_hartwig_2018:source_condition:additive,ahneman_doyle_rxnpredict_v0_2_candidate,data/raw/ahneman_doyle_rxnpredict/smiles/additive-list.csv:component=ethyl-3-methylisoxazole-5-carboxylate,not_required
CRB_V02_097AB4FE6D86CCCA,core_v0_2_registry_source_scoped_v1,ahneman_doyle_buchwald_hartwig_2018,ahneman_doyle_buchwald_hartwig_2018,additive,ethyl-5-methylisoxazole-3-carboxylate,ethyl-5-methylisoxazole-3-carboxylate,explicit_component,CCOC(=O)c1cc(C)on1,CCOC(=O)c1cc(C)on1,CCOC(=O)c1cc(C)on1,OCCIGHIQVMLYBZ-UHFFFAOYSA-N,success,none,ahneman_doyle_buchwald_hartwig_2018:source_condition:additive,ahneman_doyle_rxnpredict_v0_2_candidate,data/raw/ahneman_doyle_rxnpredict/smiles/additive-list.csv:component=ethyl-5-methylisoxazole-3-carboxylate,not_required
CRB_V02_0E9E258172DFD1BA,core_v0_2_registry_source_scoped_v1,ahneman_doyle_buchwald_hartwig_2018,ahneman_doyle_buchwald_hartwig_2018,additive,ethyl-5-methylisoxazole-4-carboxylate,ethyl-5-methylisoxazole-4-carboxylate,explicit_component,CCOC(=O)c1cnoc1C,CCOC(=O)c1cnoc1C,CCOC(=O)c1cnoc1C,KOMSQTMQKWSQDW-UHFFFAOYSA-N,success,none,ahneman_doyle_buchwald_hartwig_2018:source_condition:additive,ahneman_doyle_rxnpredict_v0_2_candidate,data/raw/ahneman_doyle_rxnpredict/smiles/additive-list.csv:component=ethyl-5-methylisoxazole-4-carboxylate,not_required
CRB_V02_A82BD7D6126B836D,core_v0_2_registry_source_scoped_v1,ahneman_doyle_buchwald_hartwig_2018,ahneman_doyle_buchwald_hartwig_2018,additive,ethyl-isoxazole-3-carboxylate,ethyl-isoxazole-3-carboxylate,explicit_component,CCOC(=O)c1ccon1,CCOC(=O)c1ccon1,CCOC(=O)c1ccon1,RKXWKTOBQOSONL-UHFFFAOYSA-N,success,none,ahneman_doyle_buchwald_hartwig_2018:source_condition:additive,ahneman_doyle_rxnpredict_v0_2_candidate,data/raw/ahneman_doyle_rxnpredict/smiles/additive-list.csv:component=ethyl-isoxazole-3-carboxylate,not_required
CRB_V02_B2400C649C71AC39,core_v0_2_registry_source_scoped_v1,ahneman_doyle_buchwald_hartwig_2018,ahneman_doyle_buchwald_hartwig_2018,additive,ethyl-isoxazole-4-carboxylate,ethyl-isoxazole-4-carboxylate,explicit_component,CCOC(=O)c1conc1,CCOC(=O)c1cnoc1,CCOC(=O)c1cnoc1,SNBLIYQEFSVZLK-UHFFFAOYSA-N,success,none,ahneman_doyle_buchwald_hartwig_2018:source_condition:additive,ahneman_doyle_rxnpredict_v0_2_candidate,data/raw/ahneman_doyle_rxnpredict/smiles/additive-list.csv:component=ethyl-isoxazole-4-carboxylate,not_required
CRB_V02_9A5329BC8CF18542,core_v0_2_registry_source_scoped_v1,ahneman_doyle_buchwald_hartwig_2018,ahneman_doyle_buchwald_hartwig_2018,additive,methyl-5-(furan-2-yl)isoxazole-3-carboxylate,methyl-5-(furan-2-yl)isoxazole-3-carboxylate,explicit_component,COC(=O)c1cc(on1)c2occc2,COC(=O)c1cc(-c2ccco2)on1,COC(=O)c1cc(-c2ccco2)on1,VTEZSUGFQUZAQW-UHFFFAOYSA-N,success,none,ahneman_doyle_buchwald_hartwig_2018:source_condition:additive,ahneman_doyle_rxnpredict_v0_2_candidate,data/raw/ahneman_doyle_rxnpredict/smiles/additive-list.csv:component=methyl-5-(furan-2-yl)isoxazole-3-carboxylate,not_required
CRB_V02_988B066F8FB34C33,core_v0_2_registry_source_scoped_v1,ahneman_doyle_buchwald_hartwig_2018,ahneman_doyle_buchwald_hartwig_2018,additive,methyl-5-(thiophen-2-yl)isoxazole-3-carboxylate,methyl-5-(thiophen-2-yl)isoxazole-3-carboxylate,explicit_component,COC(=O)c1cc(on1)c2sccc2,COC(=O)c1cc(-c2cccs2)on1,COC(=O)c1cc(-c2cccs2)on1,HNUBQXDECCWAJW-UHFFFAOYSA-N,success,none,ahneman_doyle_buchwald_hartwig_2018:source_condition:additive,ahneman_doyle_rxnpredict_v0_2_candidate,data/raw/ahneman_doyle_rxnpredict/smiles/additive-list.csv:component=methyl-5-(thiophen-2-yl)isoxazole-3-carboxylate,not_required
CRB_V02_6F3CA8525384F4AB,core_v0_2_registry_source_scoped_v1,ahneman_doyle_buchwald_hartwig_2018,ahneman_doyle_buchwald_hartwig_2018,additive,methyl-isoxazole-5-carboxylate,methyl-isoxazole-5-carboxylate,explicit_component,COC(=O)c1oncc1,COC(=O)c1ccno1,COC(=O)c1ccno1,ILPCPKZAAQXHKL-UHFFFAOYSA-N,success,none,ahneman_doyle_buchwald_hartwig_2018:source_condition:additive,ahneman_doyle_rxnpredict_v0_2_candidate,data/raw/ahneman_doyle_rxnpredict/smiles/additive-list.csv:component=methyl-isoxazole-5-carboxylate,not_required
CRB_V02_61A457E6229CBAE1,core_v0_2_registry_source_scoped_v1,ahneman_doyle_buchwald_hartwig_2018,ahneman_doyle_buchwald_hartwig_2018,base,BTMG,BTMG,explicit_component,CN(C)/C(N(C)C)=N\C(C)(C)C,CN(C)C(=NC(C)(C)C)N(C)C,CN(C)C(=NC(C)(C)C)N(C)C,YQHJFPFNGVDEDT-UHFFFAOYSA-N,success,none,ahneman_doyle_buchwald_hartwig_2018:source_condition:base,ahneman_doyle_rxnpredict_v0_2_candidate,data/raw/ahneman_doyle_rxnpredict/smiles/base-list.csv:name=BTMG,not_required
CRB_V02_C361050676D5342A,core_v0_2_registry_source_scoped_v1,ahneman_doyle_buchwald_hartwig_2018,ahneman_doyle_buchwald_hartwig_2018,base,MTBD,MTBD,explicit_component,CN1CCCN2CCCN=C12,CN1CCCN2CCCN=C12,CN1CCCN2CCCN=C12,OEBXWWBYZJNKRK-UHFFFAOYSA-N,success,none,ahneman_doyle_buchwald_hartwig_2018:source_condition:base,ahneman_doyle_rxnpredict_v0_2_candidate,data/raw/ahneman_doyle_rxnpredict/smiles/base-list.csv:name=MTBD,not_required
CRB_V02_3280943871E1E273,core_v0_2_registry_source_scoped_v1,ahneman_doyle_buchwald_hartwig_2018,ahneman_doyle_buchwald_hartwig_2018,base,P2Et,P2Et,explicit_component,CN(C)P(N(C)C)(N(C)C)=NP(N(C)C)(N(C)C)=NCC,CCN=P(N=P(N(C)C)(N(C)C)N(C)C)(N(C)C)N(C)C,CCN=P(N=P(N(C)C)(N(C)C)N(C)C)(N(C)C)N(C)C,CFUKEHPEQCSIOM-UHFFFAOYSA-N,success,none,ahneman_doyle_buchwald_hartwig_2018:source_condition:base,ahneman_doyle_rxnpredict_v0_2_candidate,data/raw/ahneman_doyle_rxnpredict/smiles/base-list.csv:name=P2Et,not_required
CRB_V02_5BB9226C075EE565,core_v0_2_registry_source_scoped_v1,ahneman_doyle_buchwald_hartwig_2018,ahneman_doyle_buchwald_hartwig_2018,catalyst_system,AdBrettPhos,AdBrettPhos,explicit_component,not_reported,NA,NA,NA,not_supported,role_not_supported_by_source_boundary,ahneman_doyle_buchwald_hartwig_2018:source_condition:catalyst_system,ahneman_doyle_rxnpredict_v0_2_candidate,data/raw/ahneman_doyle_rxnpredict/layout/Table_S1.csv:role=catalyst_system;value=AdBrettPhos,not_required
CRB_V02_F2F8F51BDAA574CC,core_v0_2_registry_source_scoped_v1,ahneman_doyle_buchwald_hartwig_2018,ahneman_doyle_buchwald_hartwig_2018,catalyst_system,XPhos,XPhos,explicit_component,not_reported,NA,NA,NA,not_supported,role_not_supported_by_source_boundary,ahneman_doyle_buchwald_hartwig_2018:source_condition:catalyst_system,ahneman_doyle_rxnpredict_v0_2_candidate,data/raw/ahneman_doyle_rxnpredict/layout/Table_S1.csv:role=catalyst_system;value=XPhos,not_required
CRB_V02_238392105F4DBBD8,core_v0_2_registry_source_scoped_v1,ahneman_doyle_buchwald_hartwig_2018,ahneman_doyle_buchwald_hartwig_2018,catalyst_system,t-BuBrettPhos,t-BuBrettPhos,explicit_component,not_reported,NA,NA,NA,not_supported,role_not_supported_by_source_boundary,ahneman_doyle_buchwald_hartwig_2018:source_condition:catalyst_system,ahneman_doyle_rxnpredict_v0_2_candidate,data/raw/ahneman_doyle_rxnpredict/layout/Table_S1.csv:role=catalyst_system;value=t-BuBrettPhos,not_required
CRB_V02_F60BA9AC84B38F22,core_v0_2_registry_source_scoped_v1,ahneman_doyle_buchwald_hartwig_2018,ahneman_doyle_buchwald_hartwig_2018,catalyst_system,t-BuXPhos,t-BuXPhos,explicit_component,not_reported,NA,NA,NA,not_supported,role_not_supported_by_source_boundary,ahneman_doyle_buchwald_hartwig_2018:source_condition:catalyst_system,ahneman_doyle_rxnpredict_v0_2_candidate,data/raw/ahneman_doyle_rxnpredict/layout/Table_S1.csv:role=catalyst_system;value=t-BuXPhos,not_required
CRB_V02_62E3576FDCE2B713,core_v0_2_registry_source_scoped_v1,ahneman_doyle_buchwald_hartwig_2018,ahneman_doyle_buchwald_hartwig_2018,ligand,AdBrettPhos,AdBrettPhos,explicit_component,CC(C1=C(C2=C(OC)C=CC(OC)=C2P(C34CC5CC(C4)CC(C5)C3)C67CC8CC(C7)CC(C8)C6)C(C(C)C)=CC(C(C)C)=C1)C,COc1ccc(OC)c(P(C23CC4CC(CC(C4)C2)C3)C23CC4CC(CC(C4)C2)C3)c1-c1c(C(C)C)cc(C(C)C)cc1C(C)C,COc1ccc(OC)c(P(C23CC4CC(CC(C4)C2)C3)C23CC4CC(CC(C4)C2)C3)c1-c1c(C(C)C)cc(C(C)C)cc1C(C)C,NMGHOZQCYNKWBG-UHFFFAOYSA-N,success,none,ahneman_doyle_buchwald_hartwig_2018:source_condition:ligand,ahneman_doyle_rxnpredict_v0_2_candidate,data/raw/ahneman_doyle_rxnpredict/smiles/ligand-list.csv:name=AdBrettPhos,not_required
CRB_V02_0D605D42E05783E8,core_v0_2_registry_source_scoped_v1,ahneman_doyle_buchwald_hartwig_2018,ahneman_doyle_buchwald_hartwig_2018,ligand,XPhos,XPhos,explicit_component,CC(C)C1=CC(C(C)C)=CC(C(C)C)=C1C2=C(P(C3CCCCC3)C4CCCCC4)C=CC=C2,CC(C)c1cc(C(C)C)c(-c2ccccc2P(C2CCCCC2)C2CCCCC2)c(C(C)C)c1,CC(C)c1cc(C(C)C)c(-c2ccccc2P(C2CCCCC2)C2CCCCC2)c(C(C)C)c1,UGOMMVLRQDMAQQ-UHFFFAOYSA-N,success,none,ahneman_doyle_buchwald_hartwig_2018:source_condition:ligand,ahneman_doyle_rxnpredict_v0_2_candidate,data/raw/ahneman_doyle_rxnpredict/smiles/ligand-list.csv:name=XPhos,not_required
CRB_V02_8156D734739DE776,core_v0_2_registry_source_scoped_v1,ahneman_doyle_buchwald_hartwig_2018,ahneman_doyle_buchwald_hartwig_2018,ligand,t-BuBrettPhos,t-BuBrettPhos,explicit_component,CC(C)C1=CC(C(C)C)=CC(C(C)C)=C1C2=C(P(C(C)(C)C)C(C)(C)C)C(OC)=CC=C2OC,COc1ccc(OC)c(P(C(C)(C)C)C(C)(C)C)c1-c1c(C(C)C)cc(C(C)C)cc1C(C)C,COc1ccc(OC)c(P(C(C)(C)C)C(C)(C)C)c1-c1c(C(C)C)cc(C(C)C)cc1C(C)C,REWLCYPYZCHYSS-UHFFFAOYSA-N,success,none,ahneman_doyle_buchwald_hartwig_2018:source_condition:ligand,ahneman_doyle_rxnpredict_v0_2_candidate,data/raw/ahneman_doyle_rxnpredict/smiles/ligand-list.csv:name=t-BuBrettPhos,not_required
CRB_V02_C724594A38089DA3,core_v0_2_registry_source_scoped_v1,ahneman_doyle_buchwald_hartwig_2018,ahneman_doyle_buchwald_hartwig_2018,ligand,t-BuXPhos,t-BuXPhos,explicit_component,CC(C)C(C=C(C(C)C)C=C1C(C)C)=C1C2=CC=CC=C2P(C(C)(C)C)C(C)(C)C,CC(C)c1cc(C(C)C)c(-c2ccccc2P(C(C)(C)C)C(C)(C)C)c(C(C)C)c1,CC(C)c1cc(C(C)C)c(-c2ccccc2P(C(C)(C)C)C(C)(C)C)c(C(C)C)c1,SACNIGZYDTUHKB-UHFFFAOYSA-N,success,none,ahneman_doyle_buchwald_hartwig_2018:source_condition:ligand,ahneman_doyle_rxnpredict_v0_2_candidate,data/raw/ahneman_doyle_rxnpredict/smiles/ligand-list.csv:name=t-BuXPhos,not_required
CRB_V02_D59B226CAF44314F,core_v0_2_registry_source_scoped_v1,perera_suzuki_miyaura_2018,perera_suzuki_miyaura_2018,atmosphere,glovebox; O2 <20 ppm; H2O <20 ppm,glovebox; O2 <20 ppm; H2O <20 ppm,explicit_component,not_reported,NA,NA,NA,not_supported,role_not_supported_by_source_boundary,perera_suzuki_miyaura_2018:source_condition:atmosphere,perera_suzuki_miyaura_v0_2_candidate,data/raw/perera_suzuki_miyaura/aap9112_Data_File_S1.xlsx:Sheet1:role=atmosphere;value=glovebox; O2 <20 ppm; H2O <20 ppm,not_required
CRB_V02_725FC59413443ADF,core_v0_2_registry_source_scoped_v1,perera_suzuki_miyaura_2018,perera_suzuki_miyaura_2018,base,CsF,CsF,explicit_component,not_reported,NA,NA,NA,not_supported,role_not_supported_by_source_boundary,perera_suzuki_miyaura_2018:source_condition:base,perera_suzuki_miyaura_v0_2_candidate,data/raw/perera_suzuki_miyaura/aap9112_Data_File_S1.xlsx:Sheet1:role=base;value=CsF,not_required
CRB_V02_01D22C72481B9187,core_v0_2_registry_source_scoped_v1,perera_suzuki_miyaura_2018,perera_suzuki_miyaura_2018,base,Et3N,Et3N,explicit_component,not_reported,NA,NA,NA,not_supported,role_not_supported_by_source_boundary,perera_suzuki_miyaura_2018:source_condition:base,perera_suzuki_miyaura_v0_2_candidate,data/raw/perera_suzuki_miyaura/aap9112_Data_File_S1.xlsx:Sheet1:role=base;value=Et3N,not_required
CRB_V02_87550EFEB4B43EB4,core_v0_2_registry_source_scoped_v1,perera_suzuki_miyaura_2018,perera_suzuki_miyaura_2018,base,K3PO4,K3PO4,explicit_component,not_reported,NA,NA,NA,not_supported,role_not_supported_by_source_boundary,perera_suzuki_miyaura_2018:source_condition:base,perera_suzuki_miyaura_v0_2_candidate,data/raw/perera_suzuki_miyaura/aap9112_Data_File_S1.xlsx:Sheet1:role=base;value=K3PO4,not_required
CRB_V02_3E6D917F589CA3D3,core_v0_2_registry_source_scoped_v1,perera_suzuki_miyaura_2018,perera_suzuki_miyaura_2018,base,KOH,KOH,explicit_component,not_reported,NA,NA,NA,not_supported,role_not_supported_by_source_boundary,perera_suzuki_miyaura_2018:source_condition:base,perera_suzuki_miyaura_v0_2_candidate,data/raw/perera_suzuki_miyaura/aap9112_Data_File_S1.xlsx:Sheet1:role=base;value=KOH,not_required
CRB_V02_15802677E8709FDC,core_v0_2_registry_source_scoped_v1,perera_suzuki_miyaura_2018,perera_suzuki_miyaura_2018,base,LiOtBu,LiOtBu,explicit_component,not_reported,NA,NA,NA,not_supported,role_not_supported_by_source_boundary,perera_suzuki_miyaura_2018:source_condition:base,perera_suzuki_miyaura_v0_2_candidate,data/raw/perera_suzuki_miyaura/aap9112_Data_File_S1.xlsx:Sheet1:role=base;value=LiOtBu,not_required
CRB_V02_61E596285AC2881D,core_v0_2_registry_source_scoped_v1,perera_suzuki_miyaura_2018,perera_suzuki_miyaura_2018,base,NaHCO3,NaHCO3,explicit_component,not_reported,NA,NA,NA,not_supported,role_not_supported_by_source_boundary,perera_suzuki_miyaura_2018:source_condition:base,perera_suzuki_miyaura_v0_2_candidate,data/raw/perera_suzuki_miyaura/aap9112_Data_File_S1.xlsx:Sheet1:role=base;value=NaHCO3,not_required
CRB_V02_8AD21A131EADAF9B,core_v0_2_registry_source_scoped_v1,perera_suzuki_miyaura_2018,perera_suzuki_miyaura_2018,base,NaOH,NaOH,explicit_component,not_reported,NA,NA,NA,not_supported,role_not_supported_by_source_boundary,perera_suzuki_miyaura_2018:source_condition:base,perera_suzuki_miyaura_v0_2_candidate,data/raw/perera_suzuki_miyaura/aap9112_Data_File_S1.xlsx:Sheet1:role=base;value=NaOH,not_required
CRB_V02_346D212D2CA250B1,core_v0_2_registry_source_scoped_v1,perera_suzuki_miyaura_2018,perera_suzuki_miyaura_2018,base,None,NULL_COMPONENT,explicit_null_component,not_reported,NA,NA,NA,not_supported,role_not_supported_by_source_boundary,perera_suzuki_miyaura_2018:source_condition:base,perera_suzuki_miyaura_v0_2_candidate,data/raw/perera_suzuki_miyaura/aap9112_Data_File_S1.xlsx:Sheet1:role=base;value=None,not_required
CRB_V02_E3D2A9B3870B3A2A,core_v0_2_registry_source_scoped_v1,perera_suzuki_miyaura_2018,perera_suzuki_miyaura_2018,catalyst,Pd(OAc)2,Pd(OAc)2,explicit_component,not_reported,NA,NA,NA,not_supported,role_not_supported_by_source_boundary,perera_suzuki_miyaura_2018:source_condition:catalyst,perera_suzuki_miyaura_v0_2_candidate,data/raw/perera_suzuki_miyaura/aap9112_Data_File_S1.xlsx:Sheet1:role=catalyst;value=Pd(OAc)2,not_required
CRB_V02_DF3F4CCBD1257BE7,core_v0_2_registry_source_scoped_v1,perera_suzuki_miyaura_2018,perera_suzuki_miyaura_2018,ligand,AmPhos,AmPhos,explicit_component,not_reported,NA,NA,NA,not_supported,role_not_supported_by_source_boundary,perera_suzuki_miyaura_2018:source_condition:ligand,perera_suzuki_miyaura_v0_2_candidate,data/raw/perera_suzuki_miyaura/aap9112_Data_File_S1.xlsx:Sheet1:role=ligand;value=AmPhos,not_required
CRB_V02_073C06B8A66206A3,core_v0_2_registry_source_scoped_v1,perera_suzuki_miyaura_2018,perera_suzuki_miyaura_2018,ligand,CataCXium A,CataCXium A,explicit_component,not_reported,NA,NA,NA,not_supported,role_not_supported_by_source_boundary,perera_suzuki_miyaura_2018:source_condition:ligand,perera_suzuki_miyaura_v0_2_candidate,data/raw/perera_suzuki_miyaura/aap9112_Data_File_S1.xlsx:Sheet1:role=ligand;value=CataCXium A,not_required
CRB_V02_10E7243B28499ED5,core_v0_2_registry_source_scoped_v1,perera_suzuki_miyaura_2018,perera_suzuki_miyaura_2018,ligand,None,NULL_COMPONENT,explicit_null_component,not_reported,NA,NA,NA,not_supported,role_not_supported_by_source_boundary,perera_suzuki_miyaura_2018:source_condition:ligand,perera_suzuki_miyaura_v0_2_candidate,data/raw/perera_suzuki_miyaura/aap9112_Data_File_S1.xlsx:Sheet1:role=ligand;value=None,not_required
CRB_V02_068094FBBDC5891F,core_v0_2_registry_source_scoped_v1,perera_suzuki_miyaura_2018,perera_suzuki_miyaura_2018,ligand,P(Cy)3,P(Cy)3,explicit_component,not_reported,NA,NA,NA,not_supported,role_not_supported_by_source_boundary,perera_suzuki_miyaura_2018:source_condition:ligand,perera_suzuki_miyaura_v0_2_candidate,data/raw/perera_suzuki_miyaura/aap9112_Data_File_S1.xlsx:Sheet1:role=ligand;value=P(Cy)3,not_required
CRB_V02_7F525E57D6D26158,core_v0_2_registry_source_scoped_v1,perera_suzuki_miyaura_2018,perera_suzuki_miyaura_2018,ligand,P(Ph)3 ,P(Ph)3 ,explicit_component,not_reported,NA,NA,NA,not_supported,role_not_supported_by_source_boundary,perera_suzuki_miyaura_2018:source_condition:ligand,perera_suzuki_miyaura_v0_2_candidate,data/raw/perera_suzuki_miyaura/aap9112_Data_File_S1.xlsx:Sheet1:role=ligand;value=P(Ph)3 ,not_required
CRB_V02_9986563E66524E77,core_v0_2_registry_source_scoped_v1,perera_suzuki_miyaura_2018,perera_suzuki_miyaura_2018,ligand,P(o-Tol)3,P(o-Tol)3,explicit_component,not_reported,NA,NA,NA,not_supported,role_not_supported_by_source_boundary,perera_suzuki_miyaura_2018:source_condition:ligand,perera_suzuki_miyaura_v0_2_candidate,data/raw/perera_suzuki_miyaura/aap9112_Data_File_S1.xlsx:Sheet1:role=ligand;value=P(o-Tol)3,not_required
CRB_V02_D6A4739E53F5AFF6,core_v0_2_registry_source_scoped_v1,perera_suzuki_miyaura_2018,perera_suzuki_miyaura_2018,ligand,P(tBu)3,P(tBu)3,explicit_component,not_reported,NA,NA,NA,not_supported,role_not_supported_by_source_boundary,perera_suzuki_miyaura_2018:source_condition:ligand,perera_suzuki_miyaura_v0_2_candidate,data/raw/perera_suzuki_miyaura/aap9112_Data_File_S1.xlsx:Sheet1:role=ligand;value=P(tBu)3,not_required
CRB_V02_2F1FFA05B0D86B8B,core_v0_2_registry_source_scoped_v1,perera_suzuki_miyaura_2018,perera_suzuki_miyaura_2018,ligand,SPhos,SPhos,explicit_component,not_reported,NA,NA,NA,not_supported,role_not_supported_by_source_boundary,perera_suzuki_miyaura_2018:source_condition:ligand,perera_suzuki_miyaura_v0_2_candidate,data/raw/perera_suzuki_miyaura/aap9112_Data_File_S1.xlsx:Sheet1:role=ligand;value=SPhos,not_required
CRB_V02_30D855DFD6226606,core_v0_2_registry_source_scoped_v1,perera_suzuki_miyaura_2018,perera_suzuki_miyaura_2018,ligand,XPhos,XPhos,explicit_component,not_reported,NA,NA,NA,not_supported,role_not_supported_by_source_boundary,perera_suzuki_miyaura_2018:source_condition:ligand,perera_suzuki_miyaura_v0_2_candidate,data/raw/perera_suzuki_miyaura/aap9112_Data_File_S1.xlsx:Sheet1:role=ligand;value=XPhos,not_required
CRB_V02_8BC0A5212D6A1898,core_v0_2_registry_source_scoped_v1,perera_suzuki_miyaura_2018,perera_suzuki_miyaura_2018,ligand,Xantphos,Xantphos,explicit_component,not_reported,NA,NA,NA,not_supported,role_not_supported_by_source_boundary,perera_suzuki_miyaura_2018:source_condition:ligand,perera_suzuki_miyaura_v0_2_candidate,data/raw/perera_suzuki_miyaura/aap9112_Data_File_S1.xlsx:Sheet1:role=ligand;value=Xantphos,not_required
CRB_V02_A181D43876472091,core_v0_2_registry_source_scoped_v1,perera_suzuki_miyaura_2018,perera_suzuki_miyaura_2018,ligand,dppf,dppf,explicit_component,not_reported,NA,NA,NA,not_supported,role_not_supported_by_source_boundary,perera_suzuki_miyaura_2018:source_condition:ligand,perera_suzuki_miyaura_v0_2_candidate,data/raw/perera_suzuki_miyaura/aap9112_Data_File_S1.xlsx:Sheet1:role=ligand;value=dppf,not_required
CRB_V02_AB89ABB593C48744,core_v0_2_registry_source_scoped_v1,perera_suzuki_miyaura_2018,perera_suzuki_miyaura_2018,ligand,dtbpf,dtbpf,explicit_component,not_reported,NA,NA,NA,not_supported,role_not_supported_by_source_boundary,perera_suzuki_miyaura_2018:source_condition:ligand,perera_suzuki_miyaura_v0_2_candidate,data/raw/perera_suzuki_miyaura/aap9112_Data_File_S1.xlsx:Sheet1:role=ligand;value=dtbpf,not_required
CRB_V02_87814BFC60B5049E,core_v0_2_registry_source_scoped_v1,perera_suzuki_miyaura_2018,perera_suzuki_miyaura_2018,solvent_1,DMF,DMF,explicit_component,not_reported,NA,NA,NA,not_supported,role_not_supported_by_source_boundary,perera_suzuki_miyaura_2018:source_condition:solvent_1,perera_suzuki_miyaura_v0_2_candidate,data/raw/perera_suzuki_miyaura/aap9112_Data_File_S1.xlsx:Sheet1:role=solvent_1;value=DMF,not_required
CRB_V02_8FAB44EBFCBA06FF,core_v0_2_registry_source_scoped_v1,perera_suzuki_miyaura_2018,perera_suzuki_miyaura_2018,solvent_1,MeCN,MeCN,explicit_component,not_reported,NA,NA,NA,not_supported,role_not_supported_by_source_boundary,perera_suzuki_miyaura_2018:source_condition:solvent_1,perera_suzuki_miyaura_v0_2_candidate,data/raw/perera_suzuki_miyaura/aap9112_Data_File_S1.xlsx:Sheet1:role=solvent_1;value=MeCN,not_required
CRB_V02_4D0589E74E450BD1,core_v0_2_registry_source_scoped_v1,perera_suzuki_miyaura_2018,perera_suzuki_miyaura_2018,solvent_1,MeOH,MeOH,explicit_component,not_reported,NA,NA,NA,not_supported,role_not_supported_by_source_boundary,perera_suzuki_miyaura_2018:source_condition:solvent_1,perera_suzuki_miyaura_v0_2_candidate,data/raw/perera_suzuki_miyaura/aap9112_Data_File_S1.xlsx:Sheet1:role=solvent_1;value=MeOH,not_required
CRB_V02_F1E202849825ABE3,core_v0_2_registry_source_scoped_v1,perera_suzuki_miyaura_2018,perera_suzuki_miyaura_2018,solvent_1,MeOH/H2O_V2 9:1,MeOH/H2O_V2 9:1,explicit_component,not_reported,NA,NA,NA,not_supported,role_not_supported_by_source_boundary,perera_suzuki_miyaura_2018:source_condition:solvent_1,perera_suzuki_miyaura_v0_2_candidate,data/raw/perera_suzuki_miyaura/aap9112_Data_File_S1.xlsx:Sheet1:role=solvent_1;value=MeOH/H2O_V2 9:1,not_required
CRB_V02_65C81502E2D3C0C4,core_v0_2_registry_source_scoped_v1,perera_suzuki_miyaura_2018,perera_suzuki_miyaura_2018,solvent_1,THF,THF,explicit_component,not_reported,NA,NA,NA,not_supported,role_not_supported_by_source_boundary,perera_suzuki_miyaura_2018:source_condition:solvent_1,perera_suzuki_miyaura_v0_2_candidate,data/raw/perera_suzuki_miyaura/aap9112_Data_File_S1.xlsx:Sheet1:role=solvent_1;value=THF,not_required
CRB_V02_C46142B0DAAB3524,core_v0_2_registry_source_scoped_v1,perera_suzuki_miyaura_2018,perera_suzuki_miyaura_2018,solvent_1,THF_V2,THF_V2,explicit_component,not_reported,NA,NA,NA,not_supported,role_not_supported_by_source_boundary,perera_suzuki_miyaura_2018:source_condition:solvent_1,perera_suzuki_miyaura_v0_2_candidate,data/raw/perera_suzuki_miyaura/aap9112_Data_File_S1.xlsx:Sheet1:role=solvent_1;value=THF_V2,not_required
CRB_V02_1A520F6AF5E3F442,core_v0_2_registry_source_scoped_v1,perera_suzuki_miyaura_2018,perera_suzuki_miyaura_2018,solvent_2,H2O,H2O,explicit_component,not_reported,NA,NA,NA,not_supported,role_not_supported_by_source_boundary,perera_suzuki_miyaura_2018:source_condition:solvent_2,perera_suzuki_miyaura_v0_2_candidate,data/raw/perera_suzuki_miyaura/aap9112_Data_File_S1.xlsx:Sheet1:role=solvent_2;value=H2O,not_required
